magnitude,cdi,mmi,alert,tsunami,sig,nst,dmin,gap,depth
0.21489057970230746,0.9627157451629457,0.7990137642988554,green,0.6228642438129963,-0.32958814197472125,0.5101711332179155,-0.779841323959663,-0.40401918529507824,-0.49847476399258994
-0.023557523443300282,-0.3802322690979701,-1.0850243731103772,green,-1.6054862836214303,-0.4174787410156085,0.37956872180126616,-0.09890604901666639,0.30158592617830815,-0.433565424419785
0.21489057970230746,-0.715969272663199,-1.7130370855801214,green,0.6228642438129963,-0.36421171129385865,0.7278418189123312,0.25581372211642944,-0.362513002267232,2.8355049504287546
0.9302348891391328,-0.04449526553274114,-0.457011660640633,green,0.6228642438129963,-0.1564702953790342,0.7423531979586256,-0.24301095603948664,-0.23799445318369322,-0.36275523579490687
-0.7389018328801277,-1.7231802833588858,-2.3410497980498657,green,0.6228642438129963,-0.5905965876112955,0.6117507865419762,0.9973205651212159,0.011042644983384338,3.1037811517322096
0.21489057970230746,-0.3802322690979701,-1.7130370855801214,green,0.6228642438129963,-0.36421171129385865,0.6915633712965953,0.8310456724025772,-0.030463538044461922,3.313473723646682
-0.26200562658891013,-1.387443279793657,-1.7130370855801214,green,0.6228642438129963,-0.48139917668170834,0.6480292341577122,0.8706349325736815,-0.19648827015584697,3.1386846738752223
-0.5004537297345178,0.6269787415977167,0.17100105182911118,green,0.6228642438129963,-0.25235094887818393,0.7133304398660368,-0.5256782736611724,0.4261044752618469,-0.4630696696801509
-0.26200562658891013,0.9627157451629457,0.7990137642988554,yellow,0.6228642438129963,0.7650493188072384,0.9310011255604526,-0.1353281683740825,2.708944541793391,-0.4630696696801509
1.645579198575958,1.2984527487281745,1.4270264767685996,yellow,0.6228642438129963,2.416327240181484,1.6275473197825825,-0.5248864884577503,1.754302332152927,-0.4221000747116068
-0.023557523443300282,1.2984527487281745,2.0550391892383435,yellow,0.6228642438129963,-0.012649315130309573,1.22122870648634,-0.8225977249444558,0.30158592617830815,-0.5220781602008826
-0.9773499360257355,0.6269787415977167,0.7990137642988554,green,0.6228642438129963,-0.3615483598077711,0.9527681941298941,-0.8111168394948355,1.1317095867352334,-0.5220781602008826
0.21489057970230746,0.6269787415977167,-0.457011660640633,green,0.6228642438129963,-0.3482316023773337,1.0543478474539547,0.19722161706319483,0.758153939484617,0.2273296694124107
1.645579198575958,0.9627157451629457,1.4270264767685996,yellow,0.6228642438129963,0.19509210078451486,1.6348030093057297,0.2688781779728939,-0.6115501004343096,0.103411839318874
-0.7389018328801277,1.2984527487281745,1.4270264767685996,orange,-1.6054862836214303,0.4028335166993393,0.6843076817734481,2.365525396634586,0.30158592617830815,-0.5102764620967363
-0.7389018328801277,0.6269787415977167,0.17100105182911118,green,0.6228642438129963,-0.5852698846391206,0.15464234658370332,1.114108882625974,0.30158592617830815,-0.40406117915941914
0.21489057970230746,1.2984527487281745,1.4270264767685996,yellow,0.6228642438129963,1.223145774414287,0.7641202665280672,1.107378708396886,-0.19648827015584697,-0.3820569130442383
-0.9773499360257355,-0.715969272663199,-2.3410497980498657,green,-1.6054862836214303,-0.6358735628747829,1.373598186472431,-0.18996134741020662,0.17706737709476938,3.0935490794759146
0.691786785993525,0.6269787415977167,-0.457011660640633,green,0.6228642438129963,-0.041946181477272,0.7060747503428897,0.006005490436760455,0.5506230243453857,0.8115137255676551
-0.023557523443300282,-1.051706276228428,-0.457011660640633,green,0.6228642438129963,-0.42280544398778347,0.5827280284493874,-0.8344745029957871,0.758153939484617,-0.5220781602008826
-0.26200562658891013,0.2912417380324878,-0.457011660640633,green,0.6228642438129963,-0.3455682508912462,0.8366771617595391,-0.3855322926554627,0.1355611940669231,0.7171001407344842
-0.7389018328801277,0.2912417380324878,-0.457011660640633,green,0.6228642438129963,-0.3455682508912462,-0.3387445409903055,-0.6195048202666898,2.7919569078490833,-0.42176372631563863
0.21489057970230746,0.2912417380324878,-1.0850243731103772,green,0.6228642438129963,-0.34290489940515867,-0.3387445409903055,0.08953882939779079,-0.030463538044461922,-0.5220781602008826
-0.023557523443300282,0.2912417380324878,-1.0850243731103772,green,0.6228642438129963,-0.409488686557346,-0.3387445409903055,0.08637168858410244,0.6336353904010782,-0.5220781602008826
-0.5004537297345178,0.9627157451629457,0.7990137642988554,green,0.6228642438129963,-0.2283807855033965,-0.3387445409903055,-0.8669376963360927,0.21857356012261564,-0.4394662734718582
0.9302348891391328,1.2984527487281745,1.4270264767685996,red,0.6228642438129963,4.009011428861805,-0.3387445409903055,0.18099002039304202,0.09405501103907686,-0.3391518395866142
-0.5004537297345178,1.2984527487281745,0.17100105182911118,green,-1.6054862836214303,-0.4893892311399708,-0.3387445409903055,-0.11513764568681918,0.6751415734289244,-0.41586287726356547
-0.7389018328801277,-1.051706276228428,0.7990137642988554,green,0.6228642438129963,-0.5905965876112955,-0.3387445409903055,-0.6539474766155509,0.7996601225124632,-0.4394662734718582
-0.26200562658891013,-1.051706276228428,-1.7130370855801214,green,0.6228642438129963,-0.4787358251956208,-0.3387445409903055,1.3069085796592528,-0.6115501004343096,2.5758675921375347
-0.9773499360257355,0.9627157451629457,0.17100105182911118,green,-1.6054862836214303,-0.5373295578895456,-0.3387445409903055,0.21662035454703596,-0.19648827015584697,0.06800674500643494
-0.9773499360257355,0.6269787415977167,-1.0850243731103772,green,0.6228642438129963,-0.6412002658469579,-0.3387445409903055,-0.5506195075689682,1.2562281358187721,-0.533879858305029
-0.7389018328801277,0.9627157451629457,0.17100105182911118,green,-1.6054862836214303,-0.28431116671123385,-0.3387445409903055,-0.024082347293278954,-0.19648827015584697,-0.3863586320031996
-0.7389018328801277,0.9627157451629457,-0.457011660640633,green,0.6228642438129963,-0.5799431816669456,-0.3387445409903055,-0.780633109163085,0.9241786715960021,-0.46897051873222406
-0.26200562658891013,0.6269787415977167,0.17100105182911118,green,0.6228642438129963,-0.430795498446046,-0.3387445409903055,-0.6171294646564237,1.422252867930157,-0.4630696696801509
-0.7389018328801277,0.2912417380324878,0.17100105182911118,green,-1.6054862836214303,0.2243889671314773,-0.3387445409903055,-0.5189480994320846,-0.23799445318369322,-0.45716882062807773
-0.7389018328801277,1.2984527487281745,1.4270264767685996,orange,-1.6054862836214303,0.320269620630627,-0.3387445409903055,0.0816209773635699,-0.5700439174064633,-0.5043756130446632
0.9302348891391328,0.9627157451629457,0.7990137642988554,green,-1.6054862836214303,0.07790463539666519,-0.3387445409903055,0.48859857192252365,-0.32100681923938573,0.3954448589059755
0.9302348891391328,1.2984527487281745,-0.457011660640633,green,0.6228642438129963,-0.10053991417119684,-0.3387445409903055,-0.5755607414767641,0.21857356012261564,-0.4968815347485302
1.4071310954303504,0.9627157451629457,1.4270264767685996,yellow,0.6228642438129963,0.5386644424898015,-0.3387445409903055,0.9787136128407966,0.5506230243453857,0.16242032983960578
-0.7389018328801277,0.6269787415977167,-1.0850243731103772,green,0.6228642438129963,-0.5426562608617207,-0.3387445409903055,0.3088633307457094,-0.48703155135077075,-0.5102764620967363
-0.023557523443300282,0.9627157451629457,0.17100105182911118,green,0.6228642438129963,0.27499264536713963,-0.3387445409903055,-0.9813506582305846,-1.1096242967684646,-0.2766028396346385
-0.023557523443300282,-0.3802322690979701,-1.7130370855801214,green,0.6228642438129963,-0.404161983585171,-0.3387445409903055,0.9102241927447858,0.17706737709476938,2.5758675921375347
0.9302348891391328,-0.3802322690979701,-1.0850243731103772,green,0.6228642438129963,-0.17511375578164665,-0.3387445409903055,0.7973948012571385,0.21857356012261564,2.5286607997209494
-0.9773499360257355,0.6269787415977167,-0.457011660640633,green,0.6228642438129963,-0.5533096668060706,-0.3387445409903055,-0.5882293047315175,3.622080568406009,-0.45716882062807773
0.21489057970230746,0.9627157451629457,1.4270264767685996,red,0.6228642438129963,4.293990037873167,-0.3387445409903055,-0.9536381761108116,0.6751415734289244,-0.4630696696801509
0.4533386828479152,-1.387443279793657,-1.0850243731103772,green,0.6228642438129963,-0.30828133008602127,-0.3387445409903055,2.8980009459359404,0.21857356012261564,-0.5456815564091754
-0.7389018328801277,-1.387443279793657,-1.7130370855801214,green,0.6228642438129963,-0.5905965876112955,-0.3387445409903055,2.528237255937825,-0.32100681923938573,-0.5397807073571022
-0.023557523443300282,0.9627157451629457,0.7990137642988554,green,0.6228642438129963,-0.40149863209908354,-0.3387445409903055,-0.7521288418398899,1.1317095867352334,-0.03230768887880904
-0.023557523443300282,0.2912417380324878,-1.0850243731103772,green,0.6228642438129963,-0.420142092501696,-0.3387445409903055,2.3294991698788805,0.8826724885681557,-0.48254247155199237
0.691786785993525,1.2984527487281745,1.4270264767685996,red,0.6228642438129963,3.83323023078003,-0.3387445409903055,-0.5149891734149742,-0.15498208712800068,-0.5220781602008826
-0.023557523443300282,-0.04449526553274114,-1.0850243731103772,green,0.6228642438129963,-0.409488686557346,-0.3387445409903055,-0.9813506582305846,-1.1096242967684646,-0.38458837728757767
-0.023557523443300282,-0.04449526553274114,-1.0850243731103772,green,0.6228642438129963,-0.409488686557346,-0.3387445409903055,-0.5169686364235294,0.38459829223400066,-0.45870304138161677
2.837819714304001,-1.7231802833588858,0.7990137642988554,green,-1.6054862836214303,0.3122795661723646,-0.3387445409903055,1.9731958283389406,2.1278579794035433,-0.4466063008248668
1.4071310954303504,1.2984527487281745,0.17100105182911118,green,0.6228642438129963,-0.06325299336597194,-0.3387445409903055,1.8797651743351342,0.46761065828969317,-0.3023895499921983
0.4533386828479152,1.2984527487281745,0.7990137642988554,green,0.6228642438129963,-0.12184672605989678,-0.3387445409903055,-0.477379376252425,-0.07196972107230817,-0.25571383399029946
3.076267817449609,0.9627157451629457,0.17100105182911118,green,0.6228642438129963,0.9195237050003129,-0.3387445409903055,-0.6349446317334206,1.6297837830693882,-0.30575303395188
3.076267817449609,0.9627157451629457,0.7990137642988554,yellow,0.6228642438129963,0.9594739772916253,-0.3387445409903055,-0.9813506582305846,-1.1096242967684646,-0.37455693389905326
-0.5004537297345178,0.9627157451629457,-0.457011660640633,green,0.6228642438129963,0.11519155620189009,-0.3387445409903055,2.2408192270956064,-0.6115501004343096,0.06800674500643494
-0.5004537297345178,0.2912417380324878,0.17100105182911118,green,0.6228642438129963,-0.16446034983729665,-0.3387445409903055,-0.42908047884367756,1.422252867930157,-0.5220781602008826
-0.9773499360257355,-1.7231802833588858,-1.0850243731103772,green,0.6228642438129963,-0.6438636173330454,-0.3387445409903055,2.183414799847505,-0.11347590410015444,-0.433565424419785
-0.9773499360257355,-0.04449526553274114,0.7990137642988554,green,0.6228642438129963,-0.6385369143608703,-0.3387445409903055,0.8072921162999144,0.7166477564567707,-0.5220781602008826
0.9302348891391328,1.2984527487281745,2.0550391892383435,orange,-1.6054862836214303,0.35489318994976443,-0.3387445409903055,0.8615294027343277,-0.7360686495178483,-0.5220781602008826
-0.5004537297345178,0.9627157451629457,-1.0850243731103772,green,-1.6054862836214303,-0.5160227460008457,-0.3387445409903055,-0.39265835948626143,0.4261044752618469,-0.5161773111488095
-0.5004537297345178,1.2984527487281745,-1.7130370855801214,green,-1.6054862836214303,-0.5266761519451957,-0.3387445409903055,3.24242750942455,0.758153939484617,-0.5220781602008826
-0.023557523443300282,0.6269787415977167,0.17100105182911118,green,0.6228642438129963,0.07257793242449019,-0.3387445409903055,0.05549206565064102,0.3430921092061544,-0.3273501414824678
-0.9773499360257355,-0.3802322690979701,-1.0850243731103772,green,-1.6054862836214303,-0.6412002658469579,-0.3387445409903055,1.3666883625176203,-0.2795006362115395,0.8705222160883869
-0.9773499360257355,0.2912417380324878,-1.0850243731103772,green,-1.6054862836214303,-0.6385369143608703,-0.3387445409903055,3.137911862572833,-0.32100681923938573,1.1950689139524115
0.21489057970230746,0.6269787415977167,0.7990137642988554,yellow,0.6228642438129963,0.4268036800741267,-0.3387445409903055,-0.03991805136172075,0.3430921092061544,-0.3273501414824678
-0.7389018328801277,-0.04449526553274114,-0.457011660640633,green,0.6228642438129963,-0.5852698846391206,-0.3387445409903055,0.27877549301566995,-0.362513002267232,-0.5030184177626863
-0.9773499360257355,-1.7231802833588858,-1.0850243731103772,green,-1.6054862836214303,-0.6438636173330454,-0.3387445409903055,3.675929908298143,-0.07196972107230817,-0.4394662734718582
2.837819714304001,1.2984527487281745,1.4270264767685996,green,0.6228642438129963,0.3442397840054145,-0.3387445409903055,-0.6887860255661228,-0.23799445318369322,-0.41037508764513736
1.1686829922847426,-0.715969272663199,0.7990137642988554,green,0.6228642438129963,-0.12983678051815925,-0.3387445409903055,-0.8083455912828582,0.1355611940669231,-0.3273501414824678
0.9302348891391328,0.6269787415977167,0.17100105182911118,green,0.6228642438129963,0.10720150174362761,-0.3387445409903055,-0.6179212498598458,-0.11347590410015444,-0.5220781602008826
0.4533386828479152,1.2984527487281745,1.4270264767685996,orange,0.6228642438129963,1.9182805122831228,-0.3387445409903055,0.23997801804798766,-0.6530562834621558,-0.32156730941143613
1.884027301721568,1.2984527487281745,-1.0850243731103772,green,0.6228642438129963,0.0699145809384027,-0.3387445409903055,2.18143533683895,-0.48703155135077075,-0.5220781602008826
-0.023557523443300282,1.2984527487281745,-0.457011660640633,green,0.6228642438129963,-0.4068253350712585,-0.3387445409903055,-0.36771712557846564,-0.4455253683229245,-0.4925739149405168
0.21489057970230746,0.6269787415977167,-0.457011660640633,green,0.6228642438129963,-0.23903419144774646,-0.3387445409903055,0.135462371196272,-0.48703155135077075,-0.10901872655576034
-0.5004537297345178,0.9627157451629457,1.4270264767685996,green,-1.6054862836214303,-0.30828133008602127,-0.3387445409903055,-0.17254207293492063,-0.19648827015584697,-0.5220781602008826
-0.5004537297345178,-0.04449526553274114,-0.457011660640633,green,0.6228642438129963,-0.30828133008602127,-0.3387445409903055,-0.45916831657371693,-0.32100681923938573,-0.5220781602008826
0.21489057970230746,0.9627157451629457,0.7990137642988554,orange,-1.6054862836214303,1.6918956359656858,-0.3387445409903055,-0.38038568883321905,-0.362513002267232,-0.45716882062807773
1.645579198575958,1.2984527487281745,0.7990137642988554,yellow,0.6228642438129963,0.7277623980020135,-0.3387445409903055,-0.8902953598370444,0.38459829223400066,-0.4136795631142984
-0.023557523443300282,-1.7231802833588858,-1.7130370855801214,green,0.6228642438129963,-0.42546879547387095,-0.3387445409903055,3.474420574027221,-0.4455253683229245,-0.5220781602008826
-0.9773499360257355,0.2912417380324878,0.17100105182911118,green,-1.6054862836214303,-0.5799431816669456,-0.3387445409903055,-0.8277443287666995,0.9241786715960021,-0.4866730658884436
-0.26200562658891013,0.2912417380324878,0.7990137642988554,green,0.6228642438129963,-0.18044045875382161,-0.3387445409903055,-0.8578321664967388,1.754302332152927,-0.45716882062807773
-0.9773499360257355,-0.3802322690979701,-0.457011660640633,green,-1.6054862836214303,-0.6412002658469579,-0.3387445409903055,5.113020052509234,0.17706737709476938,-0.5220781602008826
-0.023557523443300282,-0.3802322690979701,-1.7130370855801214,green,-1.6054862836214303,-0.3801918202103836,-0.3387445409903055,-0.08386213015164677,-0.2795006362115395,3.101043157772047
-0.023557523443300282,-0.3802322690979701,-1.0850243731103772,green,-1.6054862836214303,-0.4174787410156085,-0.3387445409903055,-0.30199895369443225,-0.07196972107230817,-0.42766457536771185
-0.26200562658891013,-0.04449526553274114,-1.0850243731103772,green,-1.6054862836214303,-0.46808241925127086,-0.3387445409903055,-0.26240969352332777,0.30158592617830815,-0.4512679715760045
-0.7389018328801277,1.2984527487281745,1.4270264767685996,yellow,0.6228642438129963,-0.28697451819732134,-0.3387445409903055,1.0487866033436517,-0.5285377343786171,-0.5220781602008826
2.122475404867176,1.2984527487281745,0.7990137642988554,green,0.6228642438129963,0.5839414177532888,-0.3387445409903055,-0.735501352568026,1.3807466849023107,-0.41586287726356547
0.21489057970230746,0.2912417380324878,0.7990137642988554,green,0.6228642438129963,-0.1910938646981716,-0.3387445409903055,-0.31981412077142923,-0.362513002267232,-0.15032466992027257
-0.7389018328801277,-0.3802322690979701,-2.3410497980498657,green,-1.6054862836214303,-0.5533096668060706,-0.3387445409903055,-0.40413924493588177,-0.5285377343786171,2.5685505393129637
1.1686829922847426,0.9627157451629457,1.4270264767685996,orange,0.6228642438129963,1.6040050369247987,-0.3387445409903055,-0.9215708753722169,0.1355611940669231,-0.4630696696801509
1.1686829922847426,0.6269787415977167,0.7990137642988554,green,0.6228642438129963,-0.04993623593553447,-0.3387445409903055,0.61607598967348,-0.15498208712800068,-0.5220781602008826
-0.7389018328801277,-0.04449526553274114,-1.0850243731103772,green,0.6228642438129963,-0.420142092501696,-0.3387445409903055,-0.1836270657828299,-0.362513002267232,0.3925534428704596
-0.26200562658891013,0.2912417380324878,0.17100105182911118,green,0.6228642438129963,-0.1511435924068592,-0.3387445409903055,-0.5205316698389288,-0.23799445318369322,0.0798084431105813
-0.9773499360257355,0.6269787415977167,1.4270264767685996,green,-1.6054862836214303,1.1405818783455748,-0.1428409238653314,-0.8400169994197416,1.2060056543550781,-0.5651543582810168
-0.7389018328801277,-0.3802322690979701,0.17100105182911118,green,0.6228642438129963,-0.587933236125208,-0.3387445409903055,0.3658718653920998,-0.6115501004343096,0.05030419785021542
-0.26200562658891013,-0.3802322690979701,0.17100105182911118,green,-1.6054862836214303,-0.409488686557346,-0.3387445409903055,-0.22084097034366812,-0.4455253683229245,-0.014605141722589516
-0.9773499360257355,0.6269787415977167,0.17100105182911118,green,-1.6054862836214303,-0.5692897757225955,-0.3387445409903055,-0.4694615242182041,-0.32100681923938573,-0.5220781602008826
-0.9773499360257355,0.9627157451629457,1.4270264767685996,green,-1.6054862836214303,1.3802835120934491,-0.3387445409903055,-0.6309857057163102,0.17706737709476938,-0.5099224111536119
1.4071310954303504,0.2912417380324878,-0.457011660640633,green,0.6228642438129963,-0.03395612701900952,-0.3387445409903055,0.6453720422000973,-0.6115501004343096,-0.24001757551178485
0.21489057970230746,-0.04449526553274114,0.17100105182911118,yellow,0.6228642438129963,-0.3242614390025462,-0.3387445409903055,0.8005619420708269,-0.07196972107230817,0.2627347637248498
1.884027301721568,1.2984527487281745,0.17100105182911118,yellow,0.6228642438129963,2.4509508095006214,-0.3387445409903055,-0.3253566171953839,-0.030463538044461922,-0.493400033807807
-0.5004537297345178,0.9627157451629457,2.0550391892383435,orange,-1.6054862836214303,0.9461572198611878,-0.3387445409903055,-0.6369240947419759,0.9241786715960021,-0.5220781602008826
-0.26200562658891013,1.2984527487281745,0.7990137642988554,yellow,0.6228642438129963,-0.17777710726773413,-0.3387445409903055,-0.7651932976963544,0.5091168413175394,-0.4748713677842972
0.4533386828479152,0.2912417380324878,0.17100105182911118,green,0.6228642438129963,-0.24702424590600894,-0.3387445409903055,-0.4781711614558471,-0.6530562834621558,-0.3863586320031996
-0.9773499360257355,-1.7231802833588858,-2.3410497980498657,green,-1.6054862836214303,-0.6438636173330454,-0.3387445409903055,0.9050775889225423,-0.07196972107230817,2.823703252324608
-0.7389018328801277,-0.3802322690979701,-1.0850243731103772,green,0.6228642438129963,-0.582606533153033,-0.3387445409903055,1.0321591140717878,0.8826724885681557,-0.5220781602008826
-0.9773499360257355,1.2984527487281745,0.7990137642988554,green,0.6228642438129963,-0.42280544398778347,-0.3387445409903055,-0.8119086246982576,-0.32100681923938573,-0.5220781602008826
-0.7389018328801277,1.2984527487281745,0.7990137642988554,yellow,0.6228642438129963,-0.29762792414167133,-0.3387445409903055,-0.7256040375252499,-0.11347590410015444,-0.4925739149405168
-0.5004537297345178,0.6269787415977167,0.17100105182911118,green,0.6228642438129963,-0.12717342903207177,-0.3387445409903055,-0.4789629466592692,2.9579816399604684,-0.5161773111488095
-0.9773499360257355,0.6269787415977167,0.7990137642988554,yellow,0.6228642438129963,-0.6278835084165204,-0.3387445409903055,0.5661935218578883,-0.48703155135077075,-0.5087422413431972
-0.7389018328801277,-1.7231802833588858,-1.0850243731103772,green,0.6228642438129963,-0.5905965876112955,-0.3387445409903055,4.124080333435046,-0.32100681923938573,-0.4866730658884436
-0.023557523443300282,-0.3802322690979701,0.17100105182911118,green,-1.6054862836214303,-0.04460953296335949,-0.3387445409903055,0.14258843802707072,-0.15498208712800068,-0.2919450471700288
-0.26200562658891013,0.2912417380324878,0.17100105182911118,green,0.6228642438129963,0.14715177403494,-0.3387445409903055,-0.6579064026326613,0.3430921092061544,-0.433565424419785
-0.7389018328801277,-1.7231802833588858,-1.0850243731103772,green,0.6228642438129963,-0.5905965876112955,-0.3387445409903055,1.4035063744767475,0.1355611940669231,0.48696702770363043
0.691786785993525,0.6269787415977167,0.7990137642988554,green,0.6228642438129963,-0.22039073104513401,-0.3387445409903055,-0.3859281852571737,0.46761065828969317,-0.46908853571326553
-0.7389018328801277,-0.04449526553274114,-0.457011660640633,green,-1.6054862836214303,-0.2683310577947089,-0.3387445409903055,0.197617509664906,0.21857356012261564,-0.5220781602008826
-0.023557523443300282,0.6269787415977167,-0.457011660640633,green,-1.6054862836214303,-0.3855185231825586,-0.3387445409903055,-0.504300073168776,-0.23799445318369322,-0.37455693389905326
0.4533386828479152,1.2984527487281745,2.0550391892383435,yellow,-1.6054862836214303,2.0088344628100976,0.21994355229202803,-0.9630762557356028,0.6751415734289244,-0.533879858305029
0.9302348891391328,-0.3802322690979701,0.17100105182911118,green,0.6228642438129963,0.16046853146537746,-0.3387445409903055,0.05945099166775138,-0.4455253683229245,0.6698933483178989
0.9302348891391328,0.9627157451629457,0.17100105182911118,green,0.6228642438129963,-0.16446034983729665,-0.3387445409903055,-0.4263092306317003,-0.6530562834621558,-0.30964759432624833
-0.7389018328801277,0.6269787415977167,0.17100105182911118,yellow,0.6228642438129963,-0.015312666616397066,-0.3387445409903055,-0.5090507843893085,-0.19648827015584697,-0.23930947362553603
2.5993716111583933,1.2984527487281745,1.4270264767685996,orange,0.6228642438129963,2.6586922254154457,-0.3387445409903055,0.27758781521053694,-0.40401918529507824,0.14218041759099473
1.645579198575958,0.6269787415977167,0.7990137642988554,green,0.6228642438129963,0.09921144728536513,-0.3387445409903055,-0.8020113096554815,-0.4455253683229245,-0.5220781602008826
0.4533386828479152,0.6269787415977167,0.17100105182911118,yellow,0.6228642438129963,-0.17511375578164665,-0.3387445409903055,0.013923342470981176,-0.4455253683229245,0.28043731088106927
-0.26200562658891013,-0.04449526553274114,0.17100105182911118,green,0.6228642438129963,-0.4654190677651834,-0.3387445409903055,-0.6681996102771485,0.0525488280112306,-0.48985952437656305
-0.9773499360257355,-1.7231802833588858,-0.457011660640633,green,0.6228642438129963,-0.6438636173330454,-0.3387445409903055,2.0147645515186,-0.362513002267232,-0.3568543867428337
0.21489057970230746,0.6269787415977167,-1.0850243731103772,green,0.6228642438129963,-0.06058964187988444,-0.3387445409903055,0.008776738648737637,0.6336353904010782,0.9944400461819236
1.4071310954303504,0.6269787415977167,0.7990137642988554,yellow,0.6228642438129963,0.6744953682802636,-0.3387445409903055,-0.17175028773149864,-0.48703155135077075,0.2745364618289961
-0.5004537297345178,0.2912417380324878,0.17100105182911118,yellow,0.6228642438129963,0.04594441756361527,-0.3387445409903055,-0.8669376963360927,0.6751415734289244,-0.19163061328478478
-0.5004537297345178,-1.7231802833588858,-1.7130370855801214,green,-1.6054862836214303,-0.5346662064034582,-0.3387445409903055,1.9985329548484474,-0.40401918529507824,-0.5043756130446632
-0.5004537297345178,0.9627157451629457,1.4270264767685996,orange,0.6228642438129963,1.8863202944500728,-0.3387445409903055,-0.9128612381345739,-0.19648827015584697,-0.20933316044100433
-0.7389018328801277,-0.04449526553274114,-1.0850243731103772,green,0.6228642438129963,-0.587933236125208,-0.3387445409903055,2.113737701946361,-0.362513002267232,-0.37455693389905326
-0.7389018328801277,-1.051706276228428,-1.0850243731103772,green,0.6228642438129963,-0.5852698846391206,-0.3387445409903055,-0.3495060658997576,0.2600797431504619,-0.3261109631815325
-0.26200562658891013,-0.715969272663199,-1.7130370855801214,green,-1.6054862836214303,-0.47074577073735835,-0.3387445409903055,-0.513801495609841,-0.4455253683229245,2.784816657071446
0.21489057970230746,-0.04449526553274114,-0.457011660640633,green,0.6228642438129963,-0.23637083996165897,-0.3387445409903055,-0.2810166458037469,-0.23799445318369322,-0.2257965292962885
0.9302348891391328,-0.715969272663199,0.7990137642988554,green,0.6228642438129963,-0.1857671617259966,-0.3387445409903055,0.6521022164291851,-0.15498208712800068,-0.4833685904192826
0.4533386828479152,-1.7231802833588858,-0.457011660640633,green,0.6228642438129963,-0.30828133008602127,-0.3387445409903055,1.806920935620302,-0.2795006362115395,0.20372627320411799
-0.7389018328801277,-1.7231802833588858,-1.0850243731103772,green,0.6228642438129963,-0.5905965876112955,-0.3387445409903055,0.07924562175330353,0.17706737709476938,-0.5220781602008826
1.4071310954303504,-0.715969272663199,0.17100105182911118,green,0.6228642438129963,-0.05526293890770946,-0.3387445409903055,-0.02922895111552267,-0.362513002267232,-0.5220781602008826
0.4533386828479152,0.9627157451629457,1.4270264767685996,orange,0.6228642438129963,2.3923570768066966,-0.3387445409903055,-0.9813506582305846,-1.1096242967684646,-0.3055169999897971
-0.26200562658891013,-1.7231802833588858,-1.7130370855801214,green,0.6228642438129963,-0.48139917668170834,-0.3387445409903055,0.1584241420955125,0.5091168413175394,2.6053718373979007
-0.5004537297345178,-0.715969272663199,-1.0850243731103772,green,0.6228642438129963,-0.5293395034312832,-0.3387445409903055,2.127593943006248,-0.32100681923938573,-0.5220781602008826
-0.26200562658891013,0.9627157451629457,0.7990137642988554,yellow,-1.6054862836214303,0.16579523443755245,-0.3387445409903055,-0.08346623754993578,-0.48703155135077075,-0.49847476399258994
-0.9773499360257355,-1.051706276228428,-1.0850243731103772,green,-1.6054862836214303,-0.630546859902608,-0.3387445409903055,-0.31150037613549736,1.7127961491250807,-0.5220781602008826
-0.26200562658891013,-0.3802322690979701,-1.0850243731103772,green,0.6228642438129963,-0.30828133008602127,-0.3387445409903055,-0.3855322926554627,0.38459829223400066,-0.5220781602008826
-0.9773499360257355,-0.715969272663199,-1.0850243731103772,green,0.6228642438129963,-0.5932599390973831,-0.3387445409903055,-0.34356767687409195,1.5052652339858494,-0.5220781602008826
-0.9773499360257355,-1.7231802833588858,-1.0850243731103772,green,0.6228642438129963,-0.6438636173330454,-0.3387445409903055,-0.14641316122199177,-0.19648827015584697,-0.4807722168363704
-0.5004537297345178,-1.7231802833588858,-1.7130370855801214,green,0.6228642438129963,-0.5346662064034582,-0.3387445409903055,0.08953882939779079,-0.40401918529507824,2.1392047622841197
-0.9773499360257355,-1.7231802833588858,-1.0850243731103772,green,0.6228642438129963,-0.6438636173330454,-0.3387445409903055,0.571736018281843,-0.5285377343786171,-0.4630696696801509
0.21489057970230746,0.2912417380324878,0.17100105182911118,green,0.6228642438129963,-0.35622165683559615,-0.3387445409903055,-0.2774536123883475,-0.362513002267232,-0.35095353769076054
-0.5004537297345178,-1.051706276228428,-1.7130370855801214,green,0.6228642438129963,-0.5346662064034582,-0.3387445409903055,0.5012671351772771,-0.15498208712800068,2.664380327918632
1.4071310954303504,0.9627157451629457,1.4270264767685996,red,-1.6054862836214303,3.020908027523345,-0.3387445409903055,-0.32852375800907224,-0.5700439174064633,-0.4630696696801509
-0.9773499360257355,-0.3802322690979701,-2.96906251051961,green,-1.6054862836214303,-0.6412002658469579,-0.3387445409903055,1.0531414219624733,-0.362513002267232,2.817802403272535
-0.023557523443300282,-0.715969272663199,-1.0850243731103772,green,-1.6054862836214303,-0.4174787410156085,-0.3387445409903055,0.12121023753467437,-0.362513002267232,0.09751099026680082
-0.9773499360257355,-0.715969272663199,0.17100105182911118,green,0.6228642438129963,-0.6412002658469579,-0.3387445409903055,-0.3328785766278938,-0.07196972107230817,-0.17982891518063845
2.3609235080127857,0.6269787415977167,-1.0850243731103772,green,0.6228642438129963,0.23237902158973978,-0.3387445409903055,-0.41482834518207995,-0.6115501004343096,3.3772619018995926
-0.7389018328801277,0.9627157451629457,2.0550391892383435,orange,0.6228642438129963,0.4880607642541391,-0.3387445409903055,-0.5339920182971044,0.21857356012261564,-0.37455693389905326
0.4533386828479152,-1.051706276228428,-0.457011660640633,green,0.6228642438129963,-0.30828133008602127,-0.3387445409903055,0.02738369092915679,-0.15498208712800068,-0.4546314555356862
0.4533386828479152,-1.7231802833588858,-1.7130370855801214,green,-1.6054862836214303,-0.30828133008602127,-0.3387445409903055,0.5111644502200532,-0.6115501004343096,3.1364482520844863
-0.9773499360257355,0.2912417380324878,0.7990137642988554,green,0.6228642438129963,-0.6385369143608703,-0.3387445409903055,0.9177461521772957,-0.6945624664900021,-0.5279790092529558
0.9302348891391328,0.9627157451629457,0.17100105182911118,yellow,0.6228642438129963,1.8064197498674481,-0.3387445409903055,-0.2600343379130615,-0.48703155135077075,0.28527600710376927
-0.023557523443300282,0.6269787415977167,0.7990137642988554,green,-1.6054862836214303,0.8369598089316006,-0.3387445409903055,-0.010226106233392516,0.17706737709476938,-0.45716882062807773
3.076267817449609,-0.04449526553274114,-1.0850243731103772,green,0.6228642438129963,0.42147697710195176,-0.3387445409903055,0.4557394859805069,-0.5700439174064633,2.9594227805222912
-0.9773499360257355,-0.04449526553274114,-1.7130370855801214,green,-1.6054862836214303,-0.3961719291269086,-0.3387445409903055,0.09508132582174533,-0.15498208712800068,2.5404624978250956
-0.9773499360257355,0.2912417380324878,0.17100105182911118,green,0.6228642438129963,-0.630546859902608,-0.3387445409903055,-0.753316519645023,-0.19648827015584697,-0.3808708423847715
-0.023557523443300282,1.2984527487281745,1.4270264767685996,orange,-1.6054862836214303,2.163308849003172,-0.3387445409903055,-0.0822785597448026,-0.48703155135077075,-0.3804577829511264
-0.023557523443300282,0.6269787415977167,1.4270264767685996,yellow,0.6228642438129963,1.3323431853438743,0.1183638989679674,-0.9378024720423698,7.606674139079249,-0.5468027177290692
-0.26200562658891013,-0.04449526553274114,-1.7130370855801214,green,-1.6054862836214303,-0.42280544398778347,-0.3387445409903055,1.1247979828721724,-0.4455253683229245,2.717487969387291
-0.023557523443300282,1.2984527487281745,0.17100105182911118,green,0.6228642438129963,-0.40149863209908354,-0.3387445409903055,-0.39265835948626143,-0.362513002267232,-0.37455693389905326
-0.5004537297345178,-0.04449526553274114,0.17100105182911118,green,0.6228642438129963,-0.5213494489730207,-0.3387445409903055,-0.3847405074520406,-0.48703155135077075,-0.3450526886386874
-0.26200562658891013,0.2912417380324878,0.17100105182911118,green,0.6228642438129963,-0.46009236479300836,-0.3387445409903055,-0.566059319035699,-0.4455253683229245,-0.44619324139122163
-0.5004537297345178,0.9627157451629457,0.7990137642988554,green,0.6228642438129963,-0.5186860974869332,-0.3387445409903055,1.179035269306585,-0.32100681923938573,-0.46017825364463505
1.4071310954303504,1.2984527487281745,1.4270264767685996,yellow,0.6228642438129963,0.13649836809059002,-0.3387445409903055,1.1881407991459394,-0.40401918529507824,-0.4323262461188496
0.691786785993525,0.6269787415977167,0.7990137642988554,yellow,0.6228642438129963,1.3110363734551744,-0.3387445409903055,-0.9251339087876164,2.2938827115149283,-0.4512679715760045
2.3609235080127857,1.2984527487281745,-1.0850243731103772,green,0.6228642438129963,2.605425195693696,-0.3387445409903055,0.04203171719246541,0.1355611940669231,-0.49812071304946554
0.4533386828479152,1.2984527487281745,0.7990137642988554,green,0.6228642438129963,0.4880607642541391,-0.3387445409903055,0.7170286031097963,-0.15498208712800068,-0.35095353769076054
1.4071310954303504,0.9627157451629457,-0.457011660640633,green,0.6228642438129963,1.9475773786300852,-0.3387445409903055,0.8322333502077104,-0.6115501004343096,-0.46897051873222406
-0.9773499360257355,0.9627157451629457,0.7990137642988554,green,-1.6054862836214303,0.28298269982540214,-0.3387445409903055,-0.04506465518396429,0.0525488280112306,-0.05001023603502857
-0.9773499360257355,-1.387443279793657,-0.457011660640633,green,0.6228642438129963,-0.6412002658469579,-0.3387445409903055,6.007737332376196,-0.15498208712800068,-0.4807722168363704
0.21489057970230746,-0.3802322690979701,0.17100105182911118,green,0.6228642438129963,-0.32159808751645874,-0.3387445409903055,-0.7370849229748702,-0.5285377343786171,-0.5220781602008826
-0.7389018328801277,-0.3802322690979701,-0.457011660640633,green,0.6228642438129963,-0.5746164786947706,-0.3387445409903055,-0.7719234719254421,-0.23799445318369322,-0.5043756130446632
-0.9773499360257355,0.9627157451629457,1.4270264767685996,yellow,0.6228642438129963,0.6958021801689636,-0.3387445409903055,-0.8922748228455996,0.4261044752618469,-0.46684621307347773
0.9302348891391328,0.9627157451629457,2.0550391892383435,red,-1.6054862836214303,5.055708562894189,-0.3387445409903055,-0.8689171593446481,0.2600797431504619,-0.46897051873222406
-0.9773499360257355,0.2912417380324878,-0.457011660640633,green,0.6228642438129963,-0.6145667509860829,-0.3387445409903055,0.7799755267818523,-0.6945624664900021,0.07137022896611661
-0.26200562658891013,-0.04449526553274114,-0.457011660640633,green,0.6228642438129963,-0.43878555290430843,-0.3387445409903055,0.9395202452714034,-0.23799445318369322,-0.5220781602008826
-0.7389018328801277,-0.715969272663199,-0.457011660640633,green,0.6228642438129963,-0.5799431816669456,-0.3387445409903055,-0.6693872880822815,0.09405501103907686,-0.4512679715760045
-0.5004537297345178,-0.715969272663199,-1.0850243731103772,green,0.6228642438129963,-0.5346662064034582,-0.3387445409903055,-0.5609127152134553,1.1732157697630796,-0.4394662734718582
-0.5004537297345178,-0.715969272663199,-1.7130370855801214,green,-1.6054862836214303,-0.5266761519451957,-0.3387445409903055,-0.3344621470347379,-0.4455253683229245,2.686862562807031
-0.9773499360257355,-0.715969272663199,-0.457011660640633,green,0.6228642438129963,-0.6412002658469579,-0.3387445409903055,-0.5244905958560393,-0.6530562834621558,0.12111438647509352
3.076267817449609,1.2984527487281745,0.7990137642988554,red,0.6228642438129963,5.3753107412246885,-0.3387445409903055,-0.6076280422153586,-0.19648827015584697,-0.3014454141438666
-0.9773499360257355,-0.04449526553274114,0.7990137642988554,yellow,-1.6054862836214303,-0.4920525826260583,-0.3387445409903055,3.536179819894144,-0.19648827015584697,-0.5279790092529558
-0.7389018328801277,0.6269787415977167,0.7990137642988554,yellow,-1.6054862836214303,0.45876389790717664,-0.3387445409903055,-0.619900712868401,-0.4455253683229245,-0.5397807073571022
1.884027301721568,0.9627157451629457,0.7990137642988554,green,0.6228642438129963,0.0699145809384027,-0.3387445409903055,0.42961057426757804,-0.5700439174064633,-0.5220781602008826
-0.7389018328801277,-0.04449526553274114,-1.0850243731103772,green,0.6228642438129963,-0.5000426370843207,-0.3387445409903055,0.5123521280251864,0.4261044752618469,-0.5220781602008826
-0.9773499360257355,1.2984527487281745,1.4270264767685996,yellow,0.6228642438129963,-0.404161983585171,-0.3387445409903055,0.6572488202514287,0.1355611940669231,-0.5279790092529558
-0.26200562658891013,0.2912417380324878,0.17100105182911118,yellow,0.6228642438129963,0.3788633533245519,-0.3387445409903055,-0.5597250374083222,0.46761065828969317,-0.35614628485658495
-0.023557523443300282,0.9627157451629457,0.17100105182911118,yellow,0.6228642438129963,0.7890194821820258,-0.3387445409903055,-0.8835651856079567,0.3430921092061544,-0.03230768887880904
-0.26200562658891013,-1.7231802833588858,-1.0850243731103772,green,0.6228642438129963,-0.48139917668170834,-0.3387445409903055,-0.06763053348149398,-0.6115501004343096,-0.5515824054612485
-0.7389018328801277,0.6269787415977167,0.7990137642988554,green,-1.6054862836214303,-0.5692897757225955,-0.3387445409903055,-0.049815366404496825,-0.362513002267232,-0.5102764620967363
-0.9773499360257355,-1.7231802833588858,-1.0850243731103772,green,0.6228642438129963,-0.6438636173330454,-0.3387445409903055,1.5875964342723832,-0.40401918529507824,-0.4925739149405168
-0.26200562658891013,0.2912417380324878,-0.457011660640633,green,0.6228642438129963,-0.4760724737095333,-0.3387445409903055,1.985864391593694,-0.32100681923938573,0.41615683907875234
-0.023557523443300282,1.2984527487281745,0.17100105182911118,green,0.6228642438129963,-0.20707397361469657,-0.3387445409903055,-0.3336703618313159,-0.5285377343786171,-0.42766457536771185
-0.023557523443300282,1.2984527487281745,0.7990137642988554,yellow,0.6228642438129963,1.9981810568657474,-0.3387445409903055,-0.8404128920214529,0.5091168413175394,-0.41586287726356547
-0.9773499360257355,0.6269787415977167,1.4270264767685996,green,-1.6054862836214303,1.0793247941655626,-0.3387445409903055,-0.04704411819251964,-0.48703155135077075,-0.4099620282114923
-0.7389018328801277,0.2912417380324878,0.7990137642988554,yellow,0.6228642438129963,-0.587933236125208,-0.3387445409903055,0.8361922762248207,-0.5285377343786171,-0.4807722168363704
-0.023557523443300282,-1.051706276228428,-1.7130370855801214,green,0.6228642438129963,-0.42280544398778347,-0.3387445409903055,1.3987556632562148,-0.32100681923938573,1.864815281362717
-0.9773499360257355,-0.715969272663199,-1.7130370855801214,green,-1.6054862836214303,-0.6358735628747829,-0.3387445409903055,0.6980257582276662,-0.5285377343786171,2.9357013673329573
-0.9773499360257355,0.9627157451629457,0.7990137642988554,yellow,0.6228642438129963,-0.46275571627909584,-0.3387445409903055,0.135858263797983,0.38459829223400066,-0.4925739149405168
2.3609235080127857,1.2984527487281745,0.7990137642988554,yellow,0.6228642438129963,0.2536858334784397,-0.3387445409903055,0.4537600229719517,-0.7360686495178483,0.21552797130826434
-0.9773499360257355,0.2912417380324878,0.17100105182911118,green,0.6228642438129963,-0.6332102113886954,-0.3387445409903055,-0.3320867914244717,-0.23799445318369322,-0.3686560848469801
0.9302348891391328,0.2912417380324878,-1.7130370855801214,green,0.6228642438129963,-0.1138566716016343,-0.3387445409903055,0.5281878320936282,-0.362513002267232,3.1197488492671193
-0.023557523443300282,0.2912417380324878,-1.0850243731103772,green,0.6228642438129963,-0.39883528061299606,-0.3387445409903055,0.006401383038471455,-0.5700439174064633,-0.5102764620967363
1.645579198575958,1.2984527487281745,1.4270264767685996,yellow,0.6228642438129963,0.693138828682876,-0.3387445409903055,-0.8408087846231639,0.09405501103907686,-0.3568543867428337
-0.5004537297345178,-0.04449526553274114,-0.457011660640633,green,-1.6054862836214303,-0.4414489043903959,-0.3387445409903055,0.3567663355527458,-0.40401918529507824,0.3158424051935083
2.3609235080127857,1.2984527487281745,0.7990137642988554,yellow,0.6228642438129963,0.21373556118712733,-0.3387445409903055,-0.4314558344539438,-0.5700439174064633,-0.023220381338616317
-0.023557523443300282,0.9627157451629457,0.17100105182911118,green,0.6228642438129963,-0.4121520380434335,-0.3387445409903055,-0.2897262830413898,-0.030463538044461922,-0.46466289892421064
-0.9773499360257355,-1.7231802833588858,-0.457011660640633,green,-1.6054862836214303,-0.6438636173330454,-0.3387445409903055,-0.2145066887162914,-0.362513002267232,-0.5087422413431972
2.122475404867176,1.2984527487281745,1.4270264767685996,green,0.6228642438129963,0.1844386948401649,-0.3387445409903055,-0.25449184148910686,-0.5700439174064633,-0.3450526886386874
-0.7389018328801277,-0.04449526553274114,-1.0850243731103772,green,0.6228642438129963,0.6079115811280763,-0.3387445409903055,-0.4251215528265671,1.1732157697630796,-0.5312244762315961
-0.9773499360257355,1.2984527487281745,1.4270264767685996,yellow,-1.6054862836214303,-0.42813214695995844,-0.3387445409903055,-0.673346214099392,0.011042644983384338,-0.5043756130446632
-0.7389018328801277,0.9627157451629457,0.7990137642988554,green,-1.6054862836214303,-0.5293395034312832,-0.3387445409903055,-0.3095209131269421,-0.2795006362115395,-0.4807722168363704
-0.023557523443300282,-0.04449526553274114,-1.0850243731103772,green,0.6228642438129963,-0.09787656268510934,-0.3387445409903055,-0.2703275455575487,-0.2795006362115395,-0.5220781602008826
-0.023557523443300282,1.2984527487281745,0.17100105182911118,green,0.6228642438129963,0.6718320167941761,-0.3387445409903055,-0.7157067224824738,-0.6945624664900021,-0.5279790092529558
-0.9773499360257355,0.6269787415977167,0.7990137642988554,yellow,0.6228642438129963,-0.6065766965278205,-0.3387445409903055,-0.8693130519463591,1.2147219527909259,-0.5279790092529558
-0.9773499360257355,0.2912417380324878,0.7990137642988554,yellow,0.6228642438129963,-0.6278835084165204,-0.3387445409903055,-0.9279051569995937,1.2977343188466184,-0.5220781602008826
2.122475404867176,1.2984527487281745,2.0550391892383435,orange,0.6228642438129963,1.7398359627152606,-0.3387445409903055,-0.7909263168075723,-0.23799445318369322,-0.4919248215447887
-0.7389018328801277,1.2984527487281745,1.4270264767685996,red,-1.6054862836214303,5.188876137198564,-0.3387445409903055,-0.912465345532863,-0.07196972107230817,-0.533879858305029
-0.7389018328801277,-0.715969272663199,-1.7130370855801214,green,-1.6054862836214303,-0.5719531272086831,-0.3387445409903055,-0.18085581757085273,-0.4455253683229245,3.0420346672513157
-0.26200562658891013,-0.715969272663199,0.17100105182911118,green,0.6228642438129963,-0.46808241925127086,-0.3387445409903055,0.4941410683464782,-0.6530562834621558,-0.333250990534541
-0.023557523443300282,-1.051706276228428,-1.7130370855801214,green,0.6228642438129963,-0.42280544398778347,-0.3387445409903055,0.6224102713008567,-0.7360686495178483,2.9381797239348275
0.21489057970230746,-0.04449526553274114,0.17100105182911118,green,0.6228642438129963,0.013984199730565354,-0.3387445409903055,-0.7050176222362756,-0.23799445318369322,-0.46897051873222406
-0.26200562658891013,-0.3802322690979701,-1.7130370855801214,green,0.6228642438129963,-0.4760724737095333,-0.3387445409903055,-0.663448899056616,-0.6115501004343096,2.2277174980652172
-0.26200562658891013,0.2912417380324878,0.17100105182911118,yellow,-1.6054862836214303,0.23770572456191474,-0.3387445409903055,-0.2679521899472824,-0.40401918529507824,-0.09721702845161398
0.691786785993525,0.2912417380324878,-0.457011660640633,green,0.6228642438129963,-0.24702424590600894,-0.3387445409903055,0.9280393598217832,-0.5285377343786171,-0.48448975173917647
1.884027301721568,-0.04449526553274114,0.17100105182911118,green,0.6228642438129963,0.21107220970103982,-0.3387445409903055,0.32271957180559596,-0.5285377343786171,0.5754797634847281
-0.7389018328801277,-0.3802322690979701,0.17100105182911118,green,-1.6054862836214303,-0.587933236125208,-0.3387445409903055,-0.017352173064191238,-0.4455253683229245,-0.2860441981179556
0.691786785993525,-1.387443279793657,0.17100105182911118,green,0.6228642438129963,-0.24968759739209645,-0.3387445409903055,1.3160141094986066,-0.11347590410015444,-0.12082042465990668
-0.023557523443300282,-0.715969272663199,-1.7130370855801214,green,0.6228642438129963,-0.42280544398778347,-0.3387445409903055,1.1901202621544946,-0.32100681923938573,1.8128288012139524
-0.023557523443300282,0.9627157451629457,0.7990137642988554,green,0.6228642438129963,-0.29762792414167133,-0.3387445409903055,-0.5094466769910196,-0.40401918529507824,-0.4043562216120228
-0.5004537297345178,-0.04449526553274114,0.7990137642988554,green,0.6228642438129963,-0.39350857764082103,-0.3387445409903055,-0.44610386071725244,-0.23799445318369322,-0.4866730658884436
0.21489057970230746,0.6269787415977167,0.7990137642988554,green,0.6228642438129963,-0.36421171129385865,-0.3387445409903055,-0.7374808155765812,-0.5285377343786171,-0.4394662734718582
2.122475404867176,1.2984527487281745,2.0550391892383435,orange,0.6228642438129963,0.7224356950298385,-0.3387445409903055,-0.4112653117666806,-0.48703155135077075,-0.4595881687394277
0.21489057970230746,1.2984527487281745,2.0550391892383435,red,0.6228642438129963,3.1487488988555445,-0.3387445409903055,-0.84318414023343,0.21857356012261564,-0.5220781602008826
-0.023557523443300282,0.2912417380324878,0.17100105182911118,yellow,-1.6054862836214303,0.02996430864709031,-0.3387445409903055,0.20672303950425988,-0.5285377343786171,0.22142882036033754
-0.7389018328801277,0.2912417380324878,-1.0850243731103772,green,-1.6054862836214303,-0.409488686557346,-0.3387445409903055,-0.6689913954805704,-0.40401918529507824,0.6698933483178989
-0.5004537297345178,0.6269787415977167,-0.457011660640633,green,0.6228642438129963,-0.5320028549173706,-0.3387445409903055,1.7055724295822745,-0.07196972107230817,-0.41828222537491544
-0.5004537297345178,0.6269787415977167,0.17100105182911118,green,0.6228642438129963,-0.5346662064034582,-0.3387445409903055,1.6699420954282804,-0.32100681923938573,-0.4394662734718582
-0.023557523443300282,0.6269787415977167,0.17100105182911118,green,0.6228642438129963,-0.420142092501696,-0.3387445409903055,-0.5197398846355068,-0.07196972107230817,-0.42766457536771185
2.122475404867176,-0.3802322690979701,-1.7130370855801214,green,-1.6054862836214303,0.1498151255210275,-0.3387445409903055,1.7934605871621265,-0.2795006362115395,-0.4394662734718582
0.691786785993525,-0.715969272663199,0.7990137642988554,green,0.6228642438129963,-0.24702424590600894,-0.3387445409903055,-0.602085545791404,-0.40401918529507824,0.4633636314953377
0.4533386828479152,0.6269787415977167,0.7990137642988554,green,0.6228642438129963,1.6093317398969735,-0.3387445409903055,-0.9813506582305846,-1.1096242967684646,0.16005999021877645
-0.7389018328801277,-0.715969272663199,-1.0850243731103772,green,0.6228642438129963,-0.582606533153033,-0.3387445409903055,-0.026061810301834312,1.9618332472921585,-0.5220781602008826
-0.5004537297345178,-0.04449526553274114,0.17100105182911118,green,0.6228642438129963,-0.4654190677651834,-0.3387445409903055,-0.870104837149781,-0.19648827015584697,-0.30964759432624833
-0.9773499360257355,-0.715969272663199,0.17100105182911118,green,0.6228642438129963,-0.6412002658469579,-0.3387445409903055,0.2633356815489393,-0.19648827015584697,-0.5043756130446632
-0.5004537297345178,0.9627157451629457,0.7990137642988554,orange,-1.6054862836214303,1.659935418132636,-0.3387445409903055,-0.2711193307609708,-0.4455253683229245,-0.25653995285758974
-0.7389018328801277,0.9627157451629457,0.17100105182911118,green,0.6228642438129963,-0.3375781964329837,-0.3387445409903055,-0.8190346915290563,0.3430921092061544,-0.07951448129539446
-0.023557523443300282,0.9627157451629457,-0.457011660640633,green,-1.6054862836214303,-0.409488686557346,-0.3387445409903055,0.19801340226661698,-0.5285377343786171,-0.45716882062807773
0.691786785993525,-0.3802322690979701,0.7990137642988554,green,-1.6054862836214303,-0.17245040429555913,-0.3387445409903055,-0.539534514721059,-0.362513002267232,-0.4512679715760045
-0.5004537297345178,-1.051706276228428,-1.7130370855801214,green,-1.6054862836214303,-0.5346662064034582,-0.3387445409903055,-0.17650099895203117,-0.32100681923938573,2.975650115415492
1.645579198575958,-0.04449526553274114,-1.0850243731103772,green,-1.6054862836214303,0.011320848244477861,-0.3387445409903055,0.14773504184931424,-0.6945624664900021,3.0807442370329152
1.645579198575958,0.2912417380324878,-0.457011660640633,green,0.6228642438129963,0.17378528889581493,-0.3387445409903055,0.31994832359361863,-0.6945624664900021,2.9960670531356657
-0.26200562658891013,-0.04449526553274114,0.17100105182911118,green,0.6228642438129963,-0.47074577073735835,-0.3387445409903055,-0.34831838809462445,-0.32100681923938573,-0.5067949611560131
-0.9773499360257355,0.6269787415977167,0.7990137642988554,orange,-1.6054862836214303,0.336249729547152,-0.3387445409903055,-0.9813506582305846,-1.1096242967684646,-0.5161773111488095
-0.5004537297345178,-0.04449526553274114,-1.0850243731103772,green,-1.6054862836214303,-0.5053693400564958,-0.3387445409903055,-0.40968174135983637,-0.40401918529507824,-0.5102764620967363
-0.023557523443300282,-0.04449526553274114,0.17100105182911118,green,-1.6054862836214303,-0.39350857764082103,-0.3387445409903055,-0.6563228322258171,0.6751415734289244,-0.5220781602008826
-0.023557523443300282,0.2912417380324878,0.17100105182911118,green,0.6228642438129963,-0.3482316023773337,-0.3387445409903055,-0.6709708584891257,0.21857356012261564,-0.5102764620967363
-0.7389018328801277,0.6269787415977167,-1.0850243731103772,green,-1.6054862836214303,-0.577279830180858,-0.3387445409903055,0.12398148574665156,0.17706737709476938,-0.5220781602008826
-0.26200562658891013,0.6269787415977167,0.7990137642988554,green,0.6228642438129963,-0.13516348349033425,-0.3387445409903055,-0.8792103669891351,0.5921292073732319,-0.30964759432624833
-0.9773499360257355,-0.04449526553274114,0.7990137642988554,green,-1.6054862836214303,-0.625220156930433,-0.3387445409903055,-0.37563497761268655,-0.23799445318369322,-0.4630696696801509
1.4071310954303504,0.9627157451629457,0.7990137642988554,orange,-1.6054862836214303,1.4814908685647739,-0.3387445409903055,-0.735105459966315,-0.362513002267232,0.7820094803072892
0.4533386828479152,0.2912417380324878,0.17100105182911118,green,0.6228642438129963,-0.29762792414167133,-0.3387445409903055,-0.7469822380176463,-0.6530562834621558,0.21552797130826434
-0.7389018328801277,0.6269787415977167,0.7990137642988554,green,-1.6054862836214303,-0.587933236125208,-0.3387445409903055,0.0028383496230720956,-0.5700439174064633,-0.4748713677842972
-0.7389018328801277,-0.04449526553274114,0.7990137642988554,green,0.6228642438129963,-0.1910938646981716,-0.3387445409903055,-0.5601209300100333,-0.5285377343786171,-0.37455693389905326
-0.5004537297345178,-0.04449526553274114,0.7990137642988554,green,-1.6054862836214303,-0.46275571627909584,-0.3387445409903055,-0.6436542689710637,0.3430921092061544,-0.44536712252393135
-0.9773499360257355,0.2912417380324878,0.7990137642988554,green,-1.6054862836214303,-0.625220156930433,-0.3387445409903055,-0.6848270995490122,1.4637590509580032,-0.42176372631563863
0.21489057970230746,0.9627157451629457,0.7990137642988554,green,-1.6054862836214303,-0.24702424590600894,-0.3387445409903055,-0.6238596388855114,-0.5700439174064633,-0.4134435291522155
3.3147159205952206,1.2984527487281745,1.4270264767685996,orange,0.6228642438129963,2.84512682944157,-0.3387445409903055,-0.7105601186602302,-0.32100681923938573,-0.44867159799309236
-0.5004537297345178,-0.04449526553274114,-0.457011660640633,green,0.6228642438129963,-0.4893892311399708,-0.3387445409903055,-0.4841095504815127,3.995636215656625,-0.5220781602008826
-0.9773499360257355,-1.7231802833588858,-0.457011660640633,green,0.6228642438129963,-0.6438636173330454,-0.3387445409903055,-0.17175028773149864,-0.4455253683229245,-0.5431441913167838
-0.7389018328801277,-0.715969272663199,-0.457011660640633,green,0.6228642438129963,-0.587933236125208,-0.3387445409903055,-0.24023970782750928,-0.2795006362115395,-0.4512679715760045
0.21489057970230746,1.2984527487281745,0.7990137642988554,green,0.6228642438129963,-0.3455682508912462,-0.3387445409903055,1.5040630953113525,-0.6115501004343096,-0.29784589622210195
-0.023557523443300282,-0.3802322690979701,0.7990137642988554,green,0.6228642438129963,-0.420142092501696,-0.3387445409903055,-0.8055743430708809,0.5091168413175394,-0.4099620282114923
0.21489057970230746,0.9627157451629457,0.17100105182911118,green,0.6228642438129963,-0.35355830534950866,-0.3387445409903055,1.0792703336754021,-0.19648827015584697,-0.5161773111488095
-0.9773499360257355,-0.3802322690979701,-1.0850243731103772,green,0.6228642438129963,-0.5479829638338957,-0.3387445409903055,-0.49915346934653243,-0.2795006362115395,-0.4630696696801509
-0.5004537297345178,-0.3802322690979701,-0.457011660640633,green,0.6228642438129963,-0.5346662064034582,-0.3387445409903055,-0.37603087021439763,-0.6530562834621558,-0.5102764620967363
-0.9773499360257355,-0.715969272663199,-1.0850243731103772,green,-1.6054862836214303,-0.6385369143608703,-0.3387445409903055,-0.07990320413453623,-0.6530562834621558,2.1333039132320466
2.122475404867176,0.2912417380324878,-1.7130370855801214,green,0.6228642438129963,0.6904754771967886,-0.3387445409903055,-0.3182305503645851,-0.6115501004343096,3.3370771198549742
-0.26200562658891013,-0.04449526553274114,0.17100105182911118,green,0.6228642438129963,-0.3455682508912462,-0.3387445409903055,-0.9813506582305846,-1.1096242967684646,-0.15268500954110187
-0.26200562658891013,-1.387443279793657,-0.457011660640633,green,0.6228642438129963,-0.48139917668170834,-0.3387445409903055,0.45138466736168553,-0.362513002267232,-0.5220781602008826
-0.023557523443300282,-1.387443279793657,-1.0850243731103772,green,0.6228642438129963,-0.42546879547387095,-0.3387445409903055,0.6117211710546585,-0.19648827015584697,-0.5150561498289156
-0.26200562658891013,-1.387443279793657,-1.0850243731103772,green,0.6228642438129963,-0.48139917668170834,-0.3387445409903055,0.7585973262894558,-0.48703155135077075,-0.5161773111488095
-0.26200562658891013,0.9627157451629457,0.17100105182911118,green,0.6228642438129963,-0.16179699835120917,-0.3387445409903055,-0.4183913785974794,-0.7775748325456946,-0.37455693389905326
0.9302348891391328,0.9627157451629457,0.7990137642988554,orange,-1.6054862836214303,1.7877762894648357,-0.3387445409903055,-0.7133313668722074,-0.6530562834621558,-0.4925739149405168
0.4533386828479152,-1.387443279793657,0.17100105182911118,green,0.6228642438129963,-0.30828133008602127,-0.3387445409903055,0.536897469331271,-0.6530562834621558,-0.5220781602008826
1.4071310954303504,0.6269787415977167,1.4270264767685996,green,0.6228642438129963,-0.06058964187988444,-0.3387445409903055,-0.46866973901478204,-0.19648827015584697,-0.25653995285758974
-0.26200562658891013,-0.04449526553274114,0.17100105182911118,green,0.6228642438129963,-0.47340912222344583,-0.3387445409903055,-0.5561620039929228,-0.15498208712800068,-0.32144929243039466
-0.5004537297345178,-0.04449526553274114,0.17100105182911118,green,0.6228642438129963,-0.5320028549173706,-0.3387445409903055,-0.49083972471060044,-0.6115501004343096,-0.39816033010734597
-0.5004537297345178,0.6269787415977167,0.7990137642988554,yellow,-1.6054862836214303,0.330923026574977,-0.3387445409903055,-0.6935367367866553,-0.5700439174064633,-0.445898198938618
-0.7389018328801277,0.9627157451629457,0.7990137642988554,yellow,-1.6054862836214303,-0.42280544398778347,-0.3387445409903055,-0.2774536123883475,-0.4455253683229245,-0.5220781602008826
2.122475404867176,0.9627157451629457,2.0550391892383435,red,-1.6054862836214303,5.135609107476814,-0.3387445409903055,-0.246178096853175,-0.6115501004343096,-0.5325816715135729
-0.9773499360257355,-1.7231802833588858,-0.457011660640633,green,0.6228642438129963,-0.6438636173330454,-0.3387445409903055,0.4842437533037021,0.6336353904010782,-0.5220781602008826
-0.9773499360257355,-1.051706276228428,-0.457011660640633,green,0.6228642438129963,-0.6438636173330454,-0.3387445409903055,0.8512361950898402,0.38459829223400066,-0.5161773111488095
1.4071310954303504,0.2912417380324878,0.7990137642988554,green,0.6228642438129963,-0.05259958742162197,-0.3387445409903055,-0.717686185491029,-0.32100681923938573,-0.3391518395866142
0.21489057970230746,-0.3802322690979701,0.17100105182911118,green,-1.6054862836214303,-0.3508949538634212,-0.3387445409903055,-0.442144934700142,-0.6115501004343096,2.6765360769659026
-0.5004537297345178,-0.04449526553274114,-0.457011660640633,green,0.6228642438129963,-0.47340912222344583,-0.3387445409903055,-0.21925739993682394,-0.2795006362115395,-0.44536712252393135
-0.5004537297345178,-0.3802322690979701,0.17100105182911118,green,0.6228642438129963,-0.5106960430286708,-0.3387445409903055,-0.14601726862028078,-0.4455253683229245,0.7348026878907038
-0.26200562658891013,-1.387443279793657,-1.0850243731103772,green,0.6228642438129963,-0.48139917668170834,-0.3387445409903055,-0.18204349537598571,-0.5700439174064633,0.7168641067724014
-0.9773499360257355,-1.387443279793657,-1.0850243731103772,green,0.6228642438129963,-0.6438636173330454,-0.3387445409903055,0.7281135959577054,1.422252867930157,-0.533879858305029
-0.7389018328801277,0.6269787415977167,0.17100105182911118,green,0.6228642438129963,-0.4867258796538833,-0.3387445409903055,0.002442457021360919,0.6751415734289244,-0.4630696696801509
-0.7389018328801277,-1.387443279793657,-0.457011660640633,green,0.6228642438129963,-0.5905965876112955,-0.3387445409903055,0.30371672692346585,-0.6115501004343096,-0.44536712252393135
-0.7389018328801277,-1.387443279793657,-1.7130370855801214,green,-1.6054862836214303,-0.5905965876112955,-0.3387445409903055,0.04797010621813112,-0.7360686495178483,3.0420346672513157
-0.26200562658891013,0.2912417380324878,-0.457011660640633,green,0.6228642438129963,-0.4760724737095333,-0.3387445409903055,-0.41878727119919035,-0.32100681923938573,-0.35095353769076054
-0.9773499360257355,-0.04449526553274114,-0.457011660640633,green,0.6228642438129963,-0.6385369143608703,-0.3387445409903055,-0.3681130181801767,-0.7360686495178483,-0.37455693389905326
-0.5004537297345178,0.6269787415977167,-1.0850243731103772,green,0.6228642438129963,-0.5160227460008457,-0.3387445409903055,-0.5541825409843676,-0.07196972107230817,-0.4512679715760045
0.4533386828479152,-0.3802322690979701,0.17100105182911118,green,0.6228642438129963,-0.3002912756277588,-0.3387445409903055,-0.42828869364025546,-0.362513002267232,-0.3155484433783215
-0.7389018328801277,-1.051706276228428,0.17100105182911118,green,0.6228642438129963,-0.587933236125208,-0.3387445409903055,0.42683932605560065,-0.5700439174064633,-0.2672204896418422
0.4533386828479152,-0.715969272663199,0.17100105182911118,green,0.6228642438129963,-0.30828133008602127,-0.3387445409903055,0.7665151783236769,-0.5700439174064633,1.979881837878144
0.9302348891391328,0.9627157451629457,0.17100105182911118,yellow,0.6228642438129963,0.24036907604800226,-0.3387445409903055,-0.5545784335860786,-0.362513002267232,-0.3450526886386874
-0.5004537297345178,-0.04449526553274114,-0.457011660640633,green,0.6228642438129963,-0.44677560736257094,-0.3387445409903055,-0.7992400614435041,-0.6530562834621558,0.18602372604789846
-0.26200562658891013,0.2912417380324878,0.17100105182911118,green,0.6228642438129963,-0.40149863209908354,-0.3387445409903055,0.6445802569966752,-0.362513002267232,0.014899103537776364
-0.023557523443300282,-1.7231802833588858,-1.0850243731103772,green,0.6228642438129963,-0.42546879547387095,-0.3387445409903055,1.5495907445081227,-0.6115501004343096,-0.5043756130446632
-0.023557523443300282,-1.7231802833588858,0.17100105182911118,green,0.6228642438129963,-0.42546879547387095,-0.3387445409903055,0.5760908369006645,-0.48703155135077075,3.0504138729052594
-0.9773499360257355,-0.04449526553274114,-1.0850243731103772,green,0.6228642438129963,-0.49471593411214576,-0.3387445409903055,-0.022894669488145954,-0.7360686495178483,-0.4630696696801509
-0.023557523443300282,0.9627157451629457,0.7990137642988554,orange,0.6228642438129963,0.49871417019848907,-0.3387445409903055,-0.87723090398058,1.0071910376516946,-0.26834165096173607
-0.9773499360257355,-1.7231802833588858,-1.0850243731103772,green,0.6228642438129963,-0.6438636173330454,-0.3387445409903055,-0.14047477219632606,-0.48703155135077075,-0.4630696696801509
-0.5004537297345178,-1.7231802833588858,-0.457011660640633,green,0.6228642438129963,-0.5346662064034582,-0.3387445409903055,1.6762763770556572,0.758153939484617,-0.4748713677842972
-0.023557523443300282,-1.7231802833588858,-0.457011660640633,green,0.6228642438129963,-0.42546879547387095,-0.3387445409903055,0.9339777488474488,-0.07196972107230817,-0.533879858305029
2.3609235080127857,0.2912417380324878,1.4270264767685996,green,0.6228642438129963,0.1897653978123399,-0.3387445409903055,-0.9286969422030157,-0.19648827015584697,0.06210589595436177
-0.5004537297345178,-1.7231802833588858,-0.457011660640633,green,-1.6054862836214303,-0.5346662064034582,-0.3387445409903055,-0.6852229921507234,0.6751415734289244,-0.42418307442698866
-0.9773499360257355,-1.7231802833588858,-0.457011660640633,green,-1.6054862836214303,-0.6438636173330454,-0.3387445409903055,-0.673346214099392,0.1355611940669231,-0.5220781602008826
-0.023557523443300282,-1.7231802833588858,-0.457011660640633,green,0.6228642438129963,-0.42546879547387095,-0.3387445409903055,-0.6840353143455903,0.3430921092061544,-0.4630696696801509
-0.023557523443300282,1.2984527487281745,0.7990137642988554,green,-1.6054862836214303,0.15780517997928997,-0.3387445409903055,-0.8222018323427447,-0.07196972107230817,-0.5431441913167838
-0.9773499360257355,0.6269787415977167,-0.457011660640633,green,0.6228642438129963,-0.5266761519451957,-0.3387445409903055,0.2542301517095853,0.2600797431504619,-0.5220781602008826
-0.7389018328801277,-1.7231802833588858,-0.457011660640633,green,0.6228642438129963,-0.5905965876112955,-0.3387445409903055,0.34093063148430397,-0.6945624664900021,0.04440334879814224
-0.9773499360257355,-0.3802322690979701,0.17100105182911118,green,0.6228642438129963,-0.14315353794859673,-0.3387445409903055,-0.9813506582305846,-1.1096242967684646,-0.5220781602008826
1.4071310954303504,-1.7231802833588858,0.17100105182911118,green,0.6228642438129963,-0.07124304782423442,-0.3387445409903055,0.5309590803056053,-0.4455253683229245,-0.3251668273332008
-0.7389018328801277,-1.7231802833588858,0.17100105182911118,green,0.6228642438129963,-0.5905965876112955,-0.3387445409903055,0.5242289060765176,-0.6530562834621558,-0.4099620282114923
0.691786785993525,0.9627157451629457,0.7990137642988554,yellow,0.6228642438129963,0.3335863780610645,-0.3387445409903055,-0.09059230438073448,0.7996601225124632,-0.4394662734718582
-0.7389018328801277,-1.7231802833588858,0.17100105182911118,green,-1.6054862836214303,-0.5905965876112955,-0.3387445409903055,0.07409901793106,-0.19648827015584697,-0.5220781602008826
1.1686829922847426,-1.7231802833588858,0.17100105182911118,green,0.6228642438129963,-0.13250013200424676,-0.3387445409903055,0.1607994977057787,-0.40401918529507824,-0.35095353769076054
1.645579198575958,-1.7231802833588858,0.7990137642988554,green,0.6228642438129963,-0.007322612158134589,-0.3387445409903055,0.1382336194082492,-0.5700439174064633,-0.44796349610684355
-0.7389018328801277,0.2912417380324878,-0.457011660640633,green,0.6228642438129963,-0.5719531272086831,-0.3387445409903055,-0.6800763883284797,-0.2795006362115395,0.21552797130826434
-0.9773499360257355,-1.7231802833588858,0.17100105182911118,green,0.6228642438129963,-0.6438636173330454,-0.3387445409903055,0.5178946244491409,-0.4455253683229245,-0.4630696696801509
0.4533386828479152,-1.7231802833588858,0.7990137642988554,green,0.6228642438129963,-0.30828133008602127,-0.3387445409903055,0.49493285354990035,-0.23799445318369322,-0.22390825759962507
1.884027301721568,0.9627157451629457,2.0550391892383435,yellow,0.6228642438129963,0.4401204375045642,-0.3387445409903055,-0.5739771710699199,0.7166477564567707,-0.44890763195517525
-0.9773499360257355,0.6269787415977167,0.7990137642988554,green,-1.6054862836214303,-0.5905965876112955,-0.3387445409903055,-0.6535515840138398,2.2938827115149283,-0.4390532140382131
-0.023557523443300282,-1.7231802833588858,-0.457011660640633,green,-1.6054862836214303,-0.42546879547387095,-0.3387445409903055,-0.6535515840138398,3.82961148354524,-0.41338452066169473
3.076267817449609,1.2984527487281745,1.4270264767685996,yellow,0.6228642438129963,1.1725420961786248,-0.3387445409903055,-0.7402520637885586,-0.15498208712800068,-0.433565424419785
-0.5004537297345178,0.6269787415977167,0.7990137642988554,green,0.6228642438129963,-0.46275571627909584,-0.3387445409903055,-0.5822909157058518,0.7166477564567707,-0.4630696696801509
-0.26200562658891013,-0.04449526553274114,-0.457011660640633,green,0.6228642438129963,0.8502765663620381,0.4738926856021796,-0.7213283974267706,8.39529161660833,-0.4840707914564793
-0.9773499360257355,-0.3802322690979701,-0.457011660640633,green,0.6228642438129963,-0.5959232905834705,-0.3387445409903055,-0.5850621639178292,-0.40401918529507824,0.12111438647509352
-0.9773499360257355,-0.04449526553274114,-1.0850243731103772,green,0.6228642438129963,-0.5612997212643331,-0.3387445409903055,-0.33406625443302684,0.1355611940669231,-0.49357705927936923
-0.023557523443300282,-0.715969272663199,1.4270264767685996,yellow,-1.6054862836214303,-0.42280544398778347,-0.3387445409903055,1.9862602841954051,-0.362513002267232,-0.5220781602008826
-0.9773499360257355,-1.7231802833588858,-0.457011660640633,green,0.6228642438129963,-0.6438636173330454,-0.3387445409903055,-0.8194305841307675,-0.2795006362115395,0.13881693363131306
-0.9773499360257355,-1.7231802833588858,-1.7130370855801214,green,0.6228642438129963,-0.6438636173330454,-0.3387445409903055,0.46405323061643877,-0.19648827015584697,-0.3199150716768557
-0.9773499360257355,-1.7231802833588858,-1.0850243731103772,green,0.6228642438129963,-0.6438636173330454,-0.3387445409903055,0.6010320708084602,-0.5285377343786171,0.5223721220160695
-0.9773499360257355,-0.715969272663199,-1.0850243731103772,green,-1.6054862836214303,-0.6412002658469579,-0.3387445409903055,1.0749155150565806,-0.19648827015584697,1.6081283475975339
1.884027301721568,-1.387443279793657,1.4270264767685996,green,0.6228642438129963,0.05393447202187775,-0.3387445409903055,2.2055847855433237,-0.15498208712800068,-0.5220781602008826
-0.023557523443300282,-1.7231802833588858,-0.457011660640633,green,0.6228642438129963,-0.42546879547387095,-0.3387445409903055,2.2982236543437082,-0.40401918529507824,-0.5222551856724449
-0.7389018328801277,0.2912417380324878,0.7990137642988554,green,0.6228642438129963,-0.4494389588486584,-0.3387445409903055,-0.7295629635423603,0.17706737709476938,-0.42176372631563863
0.4533386828479152,0.2912417380324878,-1.0850243731103772,green,0.6228642438129963,-0.05259958742162197,-0.3387445409903055,0.58955118535884,-0.6945624664900021,-0.37455693389905326
-0.7389018328801277,0.9627157451629457,-0.457011660640633,green,0.6228642438129963,-0.5320028549173706,-0.3387445409903055,-0.1974833068427165,0.7166477564567707,-0.5253236271795229
-0.26200562658891013,-1.7231802833588858,0.17100105182911118,green,0.6228642438129963,-0.48139917668170834,-0.3387445409903055,1.310867505676363,-0.7360686495178483,-0.37455693389905326
0.4533386828479152,1.2984527487281745,1.4270264767685996,orange,0.6228642438129963,0.5333377395176264,-0.3387445409903055,0.2633356815489393,-0.6115501004343096,-0.4687344847701412
-0.7389018328801277,-0.04449526553274114,0.17100105182911118,yellow,-1.6054862836214303,-0.5346662064034582,-0.3387445409903055,-0.19589973643587233,0.5506230243453857,-0.3450526886386874
-0.5004537297345178,-1.7231802833588858,-1.7130370855801214,green,-1.6054862836214303,-0.5346662064034582,-0.3387445409903055,0.18969965763068508,-0.6530562834621558,2.8000998561163155
-0.9773499360257355,-1.7231802833588858,-1.0850243731103772,green,0.6228642438129963,-0.6438636173330454,-0.3387445409903055,-0.3047702019064095,-0.23799445318369322,-0.33596538109849466
-0.26200562658891013,0.6269787415977167,0.7990137642988554,orange,-1.6054862836214303,0.3016261602280146,-0.3387445409903055,1.932022997760992,-0.40401918529507824,-0.5102764620967363
0.4533386828479152,0.9627157451629457,0.7990137642988554,green,0.6228642438129963,-0.12983678051815925,-0.3387445409903055,0.7787878489767192,-0.40401918529507824,-0.3450526886386874
1.884027301721568,-0.04449526553274114,1.4270264767685996,red,-1.6054862836214303,2.9916111611763823,-0.3387445409903055,1.8853076707590886,-0.40401918529507824,-0.4925739149405168
-0.9773499360257355,-1.7231802833588858,0.17100105182911118,green,0.6228642438129963,-0.6438636173330454,-0.3387445409903055,-0.690369595972967,-0.11347590410015444,-0.4630696696801509
-0.9773499360257355,-0.04449526553274114,-1.7130370855801214,green,-1.6054862836214303,-0.4068253350712585,-0.3387445409903055,0.3155935049747971,-0.030463538044461922,1.7910546682118023
-0.9773499360257355,-0.3802322690979701,-0.457011660640633,green,-1.6054862836214303,-0.5959232905834705,-0.3387445409903055,0.24472872926852018,-0.6530562834621558,0.0798084431105813
0.21489057970230746,-0.04449526553274114,0.17100105182911118,green,-1.6054862836214303,-0.35622165683559615,-0.3387445409903055,-0.7343136747628928,1.090203403707387,-0.4099620282114923
-0.9773499360257355,1.2984527487281745,0.7990137642988554,yellow,0.6228642438129963,-0.5373295578895456,-0.3387445409903055,-0.9813506582305846,-1.1096242967684646,-0.5326996884946144
-0.5004537297345178,-0.3802322690979701,-0.457011660640633,green,0.6228642438129963,-0.47074577073735835,-0.3387445409903055,0.4996835647704329,-0.19648827015584697,-0.5102764620967363
-0.9773499360257355,0.2912417380324878,0.7990137642988554,yellow,0.6228642438129963,-0.5293395034312832,1.3228083598104008,-0.9813506582305846,-0.2795006362115395,-0.4807722168363704
0.9302348891391328,-1.7231802833588858,0.17100105182911118,green,0.6228642438129963,-0.1910938646981716,2.5490198892222757,-0.9813506582305846,0.6751415734289244,-0.5161773111488095
-0.7389018328801277,-0.3802322690979701,0.17100105182911118,green,-1.6054862836214303,-0.5799431816669456,0.6697963027271537,-0.9813506582305846,-0.5285377343786171,-0.25063910380551657
0.9302348891391328,-1.7231802833588858,-1.0850243731103772,green,0.6228642438129963,-0.1910938646981716,0.5101711332179155,-0.9813506582305846,-0.11347590410015444,1.6936906588525948
-0.7389018328801277,-1.7231802833588858,0.7990137642988554,green,0.6228642438129963,-0.5905965876112955,0.4666369960790324,-0.9813506582305846,-0.4455253683229245,-0.5220781602008826
-0.9773499360257355,-0.04449526553274114,0.17100105182911118,green,0.6228642438129963,-0.5666264242365081,4.7257267461664325,-0.9813506582305846,0.011042644983384338,-0.40406117915941914
-0.5004537297345178,-0.04449526553274114,-1.0850243731103772,green,-1.6054862836214303,-0.4840625281677958,3.397935563430497,-0.9813506582305846,-0.11347590410015444,-0.5279790092529558
-0.5004537297345178,-1.7231802833588858,-1.7130370855801214,green,0.6228642438129963,-0.5346662064034582,1.2357400855326344,-0.9813506582305846,-0.06366848446673895,3.101043157772047
3.3147159205952206,-0.04449526553274114,-0.457011660640633,green,0.6228642438129963,0.5945948236976388,2.4546959254213623,-0.9813506582305846,-0.6945624664900021,2.948211167323352
1.1686829922847426,-1.7231802833588858,0.17100105182911118,green,0.6228642438129963,-0.13250013200424676,4.203317100499834,-0.9813506582305846,-0.4455253683229245,0.4438908296234962
-0.26200562658891013,-1.7231802833588858,-1.7130370855801214,green,-1.6054862836214303,-0.48139917668170834,0.6117507865419762,-0.9813506582305846,-0.362513002267232,2.9724046484368523
-0.9773499360257355,-1.7231802833588858,0.17100105182911118,green,0.6228642438129963,-0.6438636173330454,1.5767574931205524,-0.9813506582305846,-0.4206216585062167,-0.5220781602008826
-0.7389018328801277,0.9627157451629457,1.4270264767685996,red,-1.6054862836214303,3.172719062230332,3.637373317694354,-0.9813506582305846,-0.5866463906176018,-0.49847476399258994
0.691786785993525,-0.04449526553274114,0.7990137642988554,green,0.6228642438129963,-0.2337074884755715,5.24813639183303,-0.9813506582305846,-0.6904118481872176,0.06800674500643494
-0.7389018328801277,0.6269787415977167,0.7990137642988554,green,0.6228642438129963,-0.5852698846391206,2.8900372968101937,-0.9813506582305846,-0.6530562834621558,-0.5043756130446632
1.884027301721568,0.9627157451629457,1.4270264767685996,yellow,-1.6054862836214303,1.4095803784404115,3.332634357722172,-0.9813506582305846,-0.0055598282277541065,-0.10901872655576034
-0.7389018328801277,-1.7231802833588858,-0.457011660640633,green,0.6228642438129963,-0.5905965876112955,3.2237990148749645,-0.9813506582305846,-0.6323031919482327,-0.39816033010734597
0.21489057970230746,-0.715969272663199,0.7990137642988554,green,0.6228642438129963,-0.36421171129385865,4.304896753823895,-0.9813506582305846,-0.6364538102510173,-0.19163061328478478
-0.9773499360257355,-1.7231802833588858,0.17100105182911118,green,0.6228642438129963,-0.6438636173330454,1.9613090378473534,-0.9813506582305846,-0.5202364977730478,-0.41586287726356547
-0.9773499360257355,-0.715969272663199,0.17100105182911118,green,-1.6054862836214303,-0.6412002658469579,3.143986430120345,-0.9813506582305846,-0.2504463080920471,-0.4099620282114923
-0.023557523443300282,-0.04449526553274114,0.17100105182911118,green,0.6228642438129963,-0.414815389529521,3.5140265958008516,-0.9813506582305846,-0.2504463080920471,-0.3391518395866142
-0.7389018328801277,-1.7231802833588858,0.7990137642988554,green,0.6228642438129963,-0.5905965876112955,4.718471056643285,-0.9813506582305846,-0.4745796964424169,-0.5161773111488095
-0.7389018328801277,-1.7231802833588858,0.17100105182911118,green,0.6228642438129963,-0.5905965876112955,2.715900748254661,-0.9813506582305846,-0.4206216585062167,-0.4748713677842972
-0.023557523443300282,-0.04449526553274114,-0.457011660640633,green,0.6228642438129963,0.032627660133177805,3.738952971018415,-0.9813506582305846,-0.12592775900850833,0.2745364618289961
0.4533386828479152,1.2984527487281745,0.17100105182911118,green,0.6228642438129963,-0.29762792414167133,2.0846557597408557,-0.9813506582305846,-0.42477227680900137,-0.45716882062807773
-0.26200562658891013,-1.7231802833588858,0.7990137642988554,green,0.6228642438129963,-0.48139917668170834,2.5635312682685703,-0.9813506582305846,-0.3832660937811551,-0.5102764620967363
-0.5004537297345178,-1.7231802833588858,0.17100105182911118,green,0.6228642438129963,-0.5346662064034582,2.469207304467657,-0.9813506582305846,-0.009710446530538791,-0.5161773111488095
0.21489057970230746,-1.7231802833588858,0.17100105182911118,green,-1.6054862836214303,-0.36687506277994614,2.8900372968101937,-0.9813506582305846,-0.3832660937811551,-0.5291591790633705
0.4533386828479152,-1.7231802833588858,-0.457011660640633,green,-1.6054862836214303,-0.30828133008602127,3.651884696740648,-0.9813506582305846,-0.34591052905609354,-0.5220781602008826
2.5993716111583933,0.9627157451629457,0.7990137642988554,green,0.6228642438129963,0.26966594239496466,2.9988726396574013,-0.9813506582305846,-0.2421450714864779,-0.4394662734718582
-0.023557523443300282,0.2912417380324878,0.7990137642988554,yellow,-1.6054862836214303,-0.20707397361469657,4.638658471888666,-0.9813506582305846,0.0525488280112306,0.05030419785021542
-0.26200562658891013,0.2912417380324878,0.7990137642988554,green,-1.6054862836214303,-0.32159808751645874,3.985646414805419,-0.9813506582305846,-0.3085549643310318,-0.3155484433783215
1.1686829922847426,0.9627157451629457,0.7990137642988554,yellow,-1.6054862836214303,1.5001343289673863,5.110278290893233,-0.9813506582305846,-0.05121662955838505,-0.4394662734718582
3.076267817449609,1.2984527487281745,0.17100105182911118,green,-1.6054862836214303,0.855603269334213,2.135445586402886,-0.9813506582305846,-0.4911821696535554,-0.43297533951457773
4.030060230032044,1.2984527487281745,0.7990137642988554,yellow,-1.6054862836214303,3.0795017602172696,3.2818445310601416,-0.9813506582305846,-0.4206216585062167,-0.4630696696801509
0.691786785993525,1.2984527487281745,2.0550391892383435,red,-1.6054862836214303,5.3753107412246885,-0.2661876457588336,-0.7779806287316211,8.810353446886792,-0.5221548712385596
